"path","IdentityReference","FileSystemRights","AccessControlType","IsInherited","InheritanceFlags"
"C:\program files\7-Zip","NT SERVICE\TrustedInstaller","FullControl","Allow","True","None"
"C:\program files\7-Zip","NT SERVICE\TrustedInstaller","268435456","Allow","True","ContainerInherit"
"C:\program files\7-Zip","NT AUTHORITY\SYSTEM","FullControl","Allow","True","None"
"C:\program files\7-Zip","NT AUTHORITY\SYSTEM","268435456","Allow","True","ContainerInherit, ObjectInherit"
"C:\program files\7-Zip","BUILTIN\Administrators","FullControl","Allow","True","None"
"C:\program files\7-Zip","BUILTIN\Administrators","268435456","Allow","True","ContainerInherit, ObjectInherit"
"C:\program files\7-Zip","BUILTIN\Users","ReadAndExecute, Synchronize","Allow","True","None"
"C:\program files\7-Zip","BUILTIN\Users","-1610612736","Allow","True","ContainerInherit, ObjectInherit"
"C:\program files\7-Zip","CREATOR OWNER","268435456","Allow","True","ContainerInherit, ObjectInherit"
"C:\program files\7-Zip","APPLICATION PACKAGE AUTHORITY\ALL APPLICATION PACKAGES","ReadAndExecute, Synchronize","Allow","True","None"
"C:\program files\7-Zip","APPLICATION PACKAGE AUTHORITY\ALL APPLICATION PACKAGES","-1610612736","Allow","True","ContainerInherit, ObjectInherit"
"C:\program files\7-Zip","APPLICATION PACKAGE AUTHORITY\ALL RESTRICTED APPLICATION PACKAGES","ReadAndExecute, Synchronize","Allow","True","None"
"C:\program files\7-Zip","APPLICATION PACKAGE AUTHORITY\ALL RESTRICTED APPLICATION PACKAGES","-1610612736","Allow","True","ContainerInherit, ObjectInherit"
"C:\program files\Agent","NT SERVICE\TrustedInstaller","FullControl","Allow","True","None"
"C:\program files\Agent","NT SERVICE\TrustedInstaller","268435456","Allow","True","ContainerInherit"
"C:\program files\Agent","NT AUTHORITY\SYSTEM","FullControl","Allow","True","None"
"C:\program files\Agent","NT AUTHORITY\SYSTEM","268435456","Allow","True","ContainerInherit, ObjectInherit"
"C:\program files\Agent","BUILTIN\Administrators","FullControl","Allow","True","None"
"C:\program files\Agent","BUILTIN\Administrators","268435456","Allow","True","ContainerInherit, ObjectInherit"
"C:\program files\Agent","BUILTIN\Users","ReadAndExecute, Synchronize","Allow","True","None"
"C:\program files\Agent","BUILTIN\Users","-1610612736","Allow","True","ContainerInherit, ObjectInherit"
"C:\program files\Agent","CREATOR OWNER","268435456","Allow","True","ContainerInherit, ObjectInherit"
"C:\program files\Agent","APPLICATION PACKAGE AUTHORITY\ALL APPLICATION PACKAGES","ReadAndExecute, Synchronize","Allow","True","None"
"C:\program files\Agent","APPLICATION PACKAGE AUTHORITY\ALL APPLICATION PACKAGES","-1610612736","Allow","True","ContainerInherit, ObjectInherit"
"C:\program files\Agent","APPLICATION PACKAGE AUTHORITY\ALL RESTRICTED APPLICATION PACKAGES","ReadAndExecute, Synchronize","Allow","True","None"
"C:\program files\Agent","APPLICATION PACKAGE AUTHORITY\ALL RESTRICTED APPLICATION PACKAGES","-1610612736","Allow","True","ContainerInherit, ObjectInherit"
"C:\program files\Bitdefender Agent","NT SERVICE\TrustedInstaller","FullControl","Allow","True","None"
"C:\program files\Bitdefender Agent","NT SERVICE\TrustedInstaller","268435456","Allow","True","ContainerInherit"
"C:\program files\Bitdefender Agent","NT AUTHORITY\SYSTEM","FullControl","Allow","True","None"
"C:\program files\Bitdefender Agent","NT AUTHORITY\SYSTEM","268435456","Allow","True","ContainerInherit, ObjectInherit"
"C:\program files\Bitdefender Agent","BUILTIN\Administrators","FullControl","Allow","True","None"
"C:\program files\Bitdefender Agent","BUILTIN\Administrators","268435456","Allow","True","ContainerInherit, ObjectInherit"
"C:\program files\Bitdefender Agent","BUILTIN\Users","ReadAndExecute, Synchronize","Allow","True","None"
"C:\program files\Bitdefender Agent","BUILTIN\Users","-1610612736","Allow","True","ContainerInherit, ObjectInherit"
"C:\program files\Bitdefender Agent","CREATOR OWNER","268435456","Allow","True","ContainerInherit, ObjectInherit"
"C:\program files\Bitdefender Agent","APPLICATION PACKAGE AUTHORITY\ALL APPLICATION PACKAGES","ReadAndExecute, Synchronize","Allow","True","None"
"C:\program files\Bitdefender Agent","APPLICATION PACKAGE AUTHORITY\ALL APPLICATION PACKAGES","-1610612736","Allow","True","ContainerInherit, ObjectInherit"
"C:\program files\Bitdefender Agent","APPLICATION PACKAGE AUTHORITY\ALL RESTRICTED APPLICATION PACKAGES","ReadAndExecute, Synchronize","Allow","True","None"
"C:\program files\Bitdefender Agent","APPLICATION PACKAGE AUTHORITY\ALL RESTRICTED APPLICATION PACKAGES","-1610612736","Allow","True","ContainerInherit, ObjectInherit"
"C:\program files\Common Files","CREATOR OWNER","268435456","Allow","False","ContainerInherit, ObjectInherit"
"C:\program files\Common Files","NT AUTHORITY\SYSTEM","268435456","Allow","False","ContainerInherit, ObjectInherit"
"C:\program files\Common Files","NT AUTHORITY\SYSTEM","Modify, Synchronize","Allow","False","None"
"C:\program files\Common Files","BUILTIN\Administrators","268435456","Allow","False","ContainerInherit, ObjectInherit"
"C:\program files\Common Files","BUILTIN\Administrators","Modify, Synchronize","Allow","False","None"
"C:\program files\Common Files","BUILTIN\Users","-1610612736","Allow","False","ContainerInherit, ObjectInherit"
"C:\program files\Common Files","BUILTIN\Users","ReadAndExecute, Synchronize","Allow","False","None"
"C:\program files\Common Files","NT SERVICE\TrustedInstaller","268435456","Allow","False","ContainerInherit"
"C:\program files\Common Files","NT SERVICE\TrustedInstaller","FullControl","Allow","False","None"
"C:\program files\Common Files","APPLICATION PACKAGE AUTHORITY\ALL APPLICATION PACKAGES","ReadAndExecute, Synchronize","Allow","False","None"
"C:\program files\Common Files","APPLICATION PACKAGE AUTHORITY\ALL APPLICATION PACKAGES","-1610612736","Allow","False","ContainerInherit, ObjectInherit"
"C:\program files\Common Files","APPLICATION PACKAGE AUTHORITY\ALL RESTRICTED APPLICATION PACKAGES","ReadAndExecute, Synchronize","Allow","False","None"
"C:\program files\Common Files","APPLICATION PACKAGE AUTHORITY\ALL RESTRICTED APPLICATION PACKAGES","-1610612736","Allow","False","ContainerInherit, ObjectInherit"
"C:\program files\dotnet","NT SERVICE\TrustedInstaller","FullControl","Allow","True","None"
"C:\program files\dotnet","NT SERVICE\TrustedInstaller","268435456","Allow","True","ContainerInherit"
"C:\program files\dotnet","NT AUTHORITY\SYSTEM","FullControl","Allow","True","None"
"C:\program files\dotnet","NT AUTHORITY\SYSTEM","268435456","Allow","True","ContainerInherit, ObjectInherit"
"C:\program files\dotnet","BUILTIN\Administrators","FullControl","Allow","True","None"
"C:\program files\dotnet","BUILTIN\Administrators","268435456","Allow","True","ContainerInherit, ObjectInherit"
"C:\program files\dotnet","BUILTIN\Users","ReadAndExecute, Synchronize","Allow","True","None"
"C:\program files\dotnet","BUILTIN\Users","-1610612736","Allow","True","ContainerInherit, ObjectInherit"
"C:\program files\dotnet","CREATOR OWNER","268435456","Allow","True","ContainerInherit, ObjectInherit"
"C:\program files\dotnet","APPLICATION PACKAGE AUTHORITY\ALL APPLICATION PACKAGES","ReadAndExecute, Synchronize","Allow","True","None"
"C:\program files\dotnet","APPLICATION PACKAGE AUTHORITY\ALL APPLICATION PACKAGES","-1610612736","Allow","True","ContainerInherit, ObjectInherit"
"C:\program files\dotnet","APPLICATION PACKAGE AUTHORITY\ALL RESTRICTED APPLICATION PACKAGES","ReadAndExecute, Synchronize","Allow","True","None"
"C:\program files\dotnet","APPLICATION PACKAGE AUTHORITY\ALL RESTRICTED APPLICATION PACKAGES","-1610612736","Allow","True","ContainerInherit, ObjectInherit"
"C:\program files\Git","NT SERVICE\TrustedInstaller","FullControl","Allow","True","None"
"C:\program files\Git","NT SERVICE\TrustedInstaller","268435456","Allow","True","ContainerInherit"
"C:\program files\Git","NT AUTHORITY\SYSTEM","FullControl","Allow","True","None"
"C:\program files\Git","NT AUTHORITY\SYSTEM","268435456","Allow","True","ContainerInherit, ObjectInherit"
"C:\program files\Git","BUILTIN\Administrators","FullControl","Allow","True","None"
"C:\program files\Git","BUILTIN\Administrators","268435456","Allow","True","ContainerInherit, ObjectInherit"
"C:\program files\Git","BUILTIN\Users","ReadAndExecute, Synchronize","Allow","True","None"
"C:\program files\Git","BUILTIN\Users","-1610612736","Allow","True","ContainerInherit, ObjectInherit"
"C:\program files\Git","CREATOR OWNER","268435456","Allow","True","ContainerInherit, ObjectInherit"
"C:\program files\Git","APPLICATION PACKAGE AUTHORITY\ALL APPLICATION PACKAGES","ReadAndExecute, Synchronize","Allow","True","None"
"C:\program files\Git","APPLICATION PACKAGE AUTHORITY\ALL APPLICATION PACKAGES","-1610612736","Allow","True","ContainerInherit, ObjectInherit"
"C:\program files\Git","APPLICATION PACKAGE AUTHORITY\ALL RESTRICTED APPLICATION PACKAGES","ReadAndExecute, Synchronize","Allow","True","None"
"C:\program files\Git","APPLICATION PACKAGE AUTHORITY\ALL RESTRICTED APPLICATION PACKAGES","-1610612736","Allow","True","ContainerInherit, ObjectInherit"
"C:\program files\Google","NT SERVICE\TrustedInstaller","FullControl","Allow","True","None"
"C:\program files\Google","NT SERVICE\TrustedInstaller","268435456","Allow","True","ContainerInherit"
"C:\program files\Google","NT AUTHORITY\SYSTEM","FullControl","Allow","True","None"
"C:\program files\Google","NT AUTHORITY\SYSTEM","268435456","Allow","True","ContainerInherit, ObjectInherit"
"C:\program files\Google","BUILTIN\Administrators","FullControl","Allow","True","None"
"C:\program files\Google","BUILTIN\Administrators","268435456","Allow","True","ContainerInherit, ObjectInherit"
"C:\program files\Google","BUILTIN\Users","ReadAndExecute, Synchronize","Allow","True","None"
"C:\program files\Google","BUILTIN\Users","-1610612736","Allow","True","ContainerInherit, ObjectInherit"
"C:\program files\Google","CREATOR OWNER","268435456","Allow","True","ContainerInherit, ObjectInherit"
"C:\program files\Google","APPLICATION PACKAGE AUTHORITY\ALL APPLICATION PACKAGES","ReadAndExecute, Synchronize","Allow","True","None"
"C:\program files\Google","APPLICATION PACKAGE AUTHORITY\ALL APPLICATION PACKAGES","-1610612736","Allow","True","ContainerInherit, ObjectInherit"
"C:\program files\Google","APPLICATION PACKAGE AUTHORITY\ALL RESTRICTED APPLICATION PACKAGES","ReadAndExecute, Synchronize","Allow","True","None"
"C:\program files\Google","APPLICATION PACKAGE AUTHORITY\ALL RESTRICTED APPLICATION PACKAGES","-1610612736","Allow","True","ContainerInherit, ObjectInherit"
"C:\program files\Hyper-V","CREATOR OWNER","268435456","Allow","False","ContainerInherit, ObjectInherit"
"C:\program files\Hyper-V","NT AUTHORITY\SYSTEM","268435456","Allow","False","ContainerInherit, ObjectInherit"
"C:\program files\Hyper-V","NT AUTHORITY\SYSTEM","Modify, Synchronize","Allow","False","None"
"C:\program files\Hyper-V","BUILTIN\Administrators","268435456","Allow","False","ContainerInherit, ObjectInherit"
"C:\program files\Hyper-V","BUILTIN\Administrators","Modify, Synchronize","Allow","False","None"
"C:\program files\Hyper-V","BUILTIN\Users","-1610612736","Allow","False","ContainerInherit, ObjectInherit"
"C:\program files\Hyper-V","BUILTIN\Users","ReadAndExecute, Synchronize","Allow","False","None"
"C:\program files\Hyper-V","NT SERVICE\TrustedInstaller","268435456","Allow","False","ContainerInherit"
"C:\program files\Hyper-V","NT SERVICE\TrustedInstaller","FullControl","Allow","False","None"
"C:\program files\Hyper-V","APPLICATION PACKAGE AUTHORITY\ALL APPLICATION PACKAGES","ReadAndExecute, Synchronize","Allow","False","None"
"C:\program files\Hyper-V","APPLICATION PACKAGE AUTHORITY\ALL APPLICATION PACKAGES","-1610612736","Allow","False","ContainerInherit, ObjectInherit"
"C:\program files\Hyper-V","APPLICATION PACKAGE AUTHORITY\ALL RESTRICTED APPLICATION PACKAGES","ReadAndExecute, Synchronize","Allow","False","None"
"C:\program files\Hyper-V","APPLICATION PACKAGE AUTHORITY\ALL RESTRICTED APPLICATION PACKAGES","-1610612736","Allow","False","ContainerInherit, ObjectInherit"
"C:\program files\Inedo Hub","NT SERVICE\TrustedInstaller","FullControl","Allow","True","None"
"C:\program files\Inedo Hub","NT SERVICE\TrustedInstaller","268435456","Allow","True","ContainerInherit"
"C:\program files\Inedo Hub","NT AUTHORITY\SYSTEM","FullControl","Allow","True","None"
"C:\program files\Inedo Hub","NT AUTHORITY\SYSTEM","268435456","Allow","True","ContainerInherit, ObjectInherit"
"C:\program files\Inedo Hub","BUILTIN\Administrators","FullControl","Allow","True","None"
"C:\program files\Inedo Hub","BUILTIN\Administrators","268435456","Allow","True","ContainerInherit, ObjectInherit"
"C:\program files\Inedo Hub","BUILTIN\Users","ReadAndExecute, Synchronize","Allow","True","None"
"C:\program files\Inedo Hub","BUILTIN\Users","-1610612736","Allow","True","ContainerInherit, ObjectInherit"
"C:\program files\Inedo Hub","CREATOR OWNER","268435456","Allow","True","ContainerInherit, ObjectInherit"
"C:\program files\Inedo Hub","APPLICATION PACKAGE AUTHORITY\ALL APPLICATION PACKAGES","ReadAndExecute, Synchronize","Allow","True","None"
"C:\program files\Inedo Hub","APPLICATION PACKAGE AUTHORITY\ALL APPLICATION PACKAGES","-1610612736","Allow","True","ContainerInherit, ObjectInherit"
"C:\program files\Inedo Hub","APPLICATION PACKAGE AUTHORITY\ALL RESTRICTED APPLICATION PACKAGES","ReadAndExecute, Synchronize","Allow","True","None"
"C:\program files\Inedo Hub","APPLICATION PACKAGE AUTHORITY\ALL RESTRICTED APPLICATION PACKAGES","-1610612736","Allow","True","ContainerInherit, ObjectInherit"
"C:\program files\Internet Explorer","CREATOR OWNER","268435456","Allow","False","ContainerInherit, ObjectInherit"
"C:\program files\Internet Explorer","NT AUTHORITY\SYSTEM","268435456","Allow","False","ContainerInherit, ObjectInherit"
"C:\program files\Internet Explorer","NT AUTHORITY\SYSTEM","Modify, Synchronize","Allow","False","None"
"C:\program files\Internet Explorer","BUILTIN\Administrators","268435456","Allow","False","ContainerInherit, ObjectInherit"
"C:\program files\Internet Explorer","BUILTIN\Administrators","Modify, Synchronize","Allow","False","None"
"C:\program files\Internet Explorer","BUILTIN\Users","-1610612736","Allow","False","ContainerInherit, ObjectInherit"
"C:\program files\Internet Explorer","BUILTIN\Users","ReadAndExecute, Synchronize","Allow","False","None"
"C:\program files\Internet Explorer","NT SERVICE\TrustedInstaller","268435456","Allow","False","ContainerInherit"
"C:\program files\Internet Explorer","NT SERVICE\TrustedInstaller","FullControl","Allow","False","None"
"C:\program files\Internet Explorer","APPLICATION PACKAGE AUTHORITY\ALL APPLICATION PACKAGES","ReadAndExecute, Synchronize","Allow","False","None"
"C:\program files\Internet Explorer","APPLICATION PACKAGE AUTHORITY\ALL APPLICATION PACKAGES","-1610612736","Allow","False","ContainerInherit, ObjectInherit"
"C:\program files\Internet Explorer","APPLICATION PACKAGE AUTHORITY\ALL RESTRICTED APPLICATION PACKAGES","ReadAndExecute, Synchronize","Allow","False","None"
"C:\program files\Internet Explorer","APPLICATION PACKAGE AUTHORITY\ALL RESTRICTED APPLICATION PACKAGES","-1610612736","Allow","False","ContainerInherit, ObjectInherit"
"C:\program files\Java","NT SERVICE\TrustedInstaller","FullControl","Allow","True","None"
"C:\program files\Java","NT SERVICE\TrustedInstaller","268435456","Allow","True","ContainerInherit"
"C:\program files\Java","NT AUTHORITY\SYSTEM","FullControl","Allow","True","None"
"C:\program files\Java","NT AUTHORITY\SYSTEM","268435456","Allow","True","ContainerInherit, ObjectInherit"
"C:\program files\Java","BUILTIN\Administrators","FullControl","Allow","True","None"
"C:\program files\Java","BUILTIN\Administrators","268435456","Allow","True","ContainerInherit, ObjectInherit"
"C:\program files\Java","BUILTIN\Users","ReadAndExecute, Synchronize","Allow","True","None"
"C:\program files\Java","BUILTIN\Users","-1610612736","Allow","True","ContainerInherit, ObjectInherit"
"C:\program files\Java","CREATOR OWNER","268435456","Allow","True","ContainerInherit, ObjectInherit"
"C:\program files\Java","APPLICATION PACKAGE AUTHORITY\ALL APPLICATION PACKAGES","ReadAndExecute, Synchronize","Allow","True","None"
"C:\program files\Java","APPLICATION PACKAGE AUTHORITY\ALL APPLICATION PACKAGES","-1610612736","Allow","True","ContainerInherit, ObjectInherit"
"C:\program files\Java","APPLICATION PACKAGE AUTHORITY\ALL RESTRICTED APPLICATION PACKAGES","ReadAndExecute, Synchronize","Allow","True","None"
"C:\program files\Java","APPLICATION PACKAGE AUTHORITY\ALL RESTRICTED APPLICATION PACKAGES","-1610612736","Allow","True","ContainerInherit, ObjectInherit"
"C:\program files\Jenkins","BUILTIN\Administrators","FullControl","Allow","False","ContainerInherit, ObjectInherit"
"C:\program files\Jenkins","DESKTOP-ISEEKOJ\Administrator","FullControl","Allow","False","ContainerInherit, ObjectInherit"
"C:\program files\Jenkins","DESKTOP-ISEEKOJ\Chefd","FullControl","Allow","False","ContainerInherit, ObjectInherit"
"C:\program files\KeePass Password Safe 2","NT SERVICE\TrustedInstaller","FullControl","Allow","True","None"
"C:\program files\KeePass Password Safe 2","NT SERVICE\TrustedInstaller","268435456","Allow","True","ContainerInherit"
"C:\program files\KeePass Password Safe 2","NT AUTHORITY\SYSTEM","FullControl","Allow","True","None"
"C:\program files\KeePass Password Safe 2","NT AUTHORITY\SYSTEM","268435456","Allow","True","ContainerInherit, ObjectInherit"
"C:\program files\KeePass Password Safe 2","BUILTIN\Administrators","FullControl","Allow","True","None"
"C:\program files\KeePass Password Safe 2","BUILTIN\Administrators","268435456","Allow","True","ContainerInherit, ObjectInherit"
"C:\program files\KeePass Password Safe 2","BUILTIN\Users","ReadAndExecute, Synchronize","Allow","True","None"
"C:\program files\KeePass Password Safe 2","BUILTIN\Users","-1610612736","Allow","True","ContainerInherit, ObjectInherit"
"C:\program files\KeePass Password Safe 2","CREATOR OWNER","268435456","Allow","True","ContainerInherit, ObjectInherit"
"C:\program files\KeePass Password Safe 2","APPLICATION PACKAGE AUTHORITY\ALL APPLICATION PACKAGES","ReadAndExecute, Synchronize","Allow","True","None"
"C:\program files\KeePass Password Safe 2","APPLICATION PACKAGE AUTHORITY\ALL APPLICATION PACKAGES","-1610612736","Allow","True","ContainerInherit, ObjectInherit"
"C:\program files\KeePass Password Safe 2","APPLICATION PACKAGE AUTHORITY\ALL RESTRICTED APPLICATION PACKAGES","ReadAndExecute, Synchronize","Allow","True","None"
"C:\program files\KeePass Password Safe 2","APPLICATION PACKAGE AUTHORITY\ALL RESTRICTED APPLICATION PACKAGES","-1610612736","Allow","True","ContainerInherit, ObjectInherit"
"C:\program files\Macrium","NT SERVICE\TrustedInstaller","FullControl","Allow","True","None"
"C:\program files\Macrium","NT SERVICE\TrustedInstaller","268435456","Allow","True","ContainerInherit"
"C:\program files\Macrium","NT AUTHORITY\SYSTEM","FullControl","Allow","True","None"
"C:\program files\Macrium","NT AUTHORITY\SYSTEM","268435456","Allow","True","ContainerInherit, ObjectInherit"
"C:\program files\Macrium","BUILTIN\Administrators","FullControl","Allow","True","None"
"C:\program files\Macrium","BUILTIN\Administrators","268435456","Allow","True","ContainerInherit, ObjectInherit"
"C:\program files\Macrium","BUILTIN\Users","ReadAndExecute, Synchronize","Allow","True","None"
"C:\program files\Macrium","BUILTIN\Users","-1610612736","Allow","True","ContainerInherit, ObjectInherit"
"C:\program files\Macrium","CREATOR OWNER","268435456","Allow","True","ContainerInherit, ObjectInherit"
"C:\program files\Macrium","APPLICATION PACKAGE AUTHORITY\ALL APPLICATION PACKAGES","ReadAndExecute, Synchronize","Allow","True","None"
"C:\program files\Macrium","APPLICATION PACKAGE AUTHORITY\ALL APPLICATION PACKAGES","-1610612736","Allow","True","ContainerInherit, ObjectInherit"
"C:\program files\Macrium","APPLICATION PACKAGE AUTHORITY\ALL RESTRICTED APPLICATION PACKAGES","ReadAndExecute, Synchronize","Allow","True","None"
"C:\program files\Macrium","APPLICATION PACKAGE AUTHORITY\ALL RESTRICTED APPLICATION PACKAGES","-1610612736","Allow","True","ContainerInherit, ObjectInherit"
"C:\program files\Malwarebytes","NT SERVICE\TrustedInstaller","FullControl","Allow","True","None"
"C:\program files\Malwarebytes","NT SERVICE\TrustedInstaller","268435456","Allow","True","ContainerInherit"
"C:\program files\Malwarebytes","NT AUTHORITY\SYSTEM","FullControl","Allow","True","None"
"C:\program files\Malwarebytes","NT AUTHORITY\SYSTEM","268435456","Allow","True","ContainerInherit, ObjectInherit"
"C:\program files\Malwarebytes","BUILTIN\Administrators","FullControl","Allow","True","None"
"C:\program files\Malwarebytes","BUILTIN\Administrators","268435456","Allow","True","ContainerInherit, ObjectInherit"
"C:\program files\Malwarebytes","BUILTIN\Users","ReadAndExecute, Synchronize","Allow","True","None"
"C:\program files\Malwarebytes","BUILTIN\Users","-1610612736","Allow","True","ContainerInherit, ObjectInherit"
"C:\program files\Malwarebytes","CREATOR OWNER","268435456","Allow","True","ContainerInherit, ObjectInherit"
"C:\program files\Malwarebytes","APPLICATION PACKAGE AUTHORITY\ALL APPLICATION PACKAGES","ReadAndExecute, Synchronize","Allow","True","None"
"C:\program files\Malwarebytes","APPLICATION PACKAGE AUTHORITY\ALL APPLICATION PACKAGES","-1610612736","Allow","True","ContainerInherit, ObjectInherit"
"C:\program files\Malwarebytes","APPLICATION PACKAGE AUTHORITY\ALL RESTRICTED APPLICATION PACKAGES","ReadAndExecute, Synchronize","Allow","True","None"
"C:\program files\Malwarebytes","APPLICATION PACKAGE AUTHORITY\ALL RESTRICTED APPLICATION PACKAGES","-1610612736","Allow","True","ContainerInherit, ObjectInherit"
"C:\program files\Microsoft SQL Server","NT SERVICE\TrustedInstaller","FullControl","Allow","True","None"
"C:\program files\Microsoft SQL Server","NT SERVICE\TrustedInstaller","268435456","Allow","True","ContainerInherit"
"C:\program files\Microsoft SQL Server","NT AUTHORITY\SYSTEM","FullControl","Allow","True","None"
"C:\program files\Microsoft SQL Server","NT AUTHORITY\SYSTEM","268435456","Allow","True","ContainerInherit, ObjectInherit"
"C:\program files\Microsoft SQL Server","BUILTIN\Administrators","FullControl","Allow","True","None"
"C:\program files\Microsoft SQL Server","BUILTIN\Administrators","268435456","Allow","True","ContainerInherit, ObjectInherit"
"C:\program files\Microsoft SQL Server","BUILTIN\Users","ReadAndExecute, Synchronize","Allow","True","None"
"C:\program files\Microsoft SQL Server","BUILTIN\Users","-1610612736","Allow","True","ContainerInherit, ObjectInherit"
"C:\program files\Microsoft SQL Server","CREATOR OWNER","268435456","Allow","True","ContainerInherit, ObjectInherit"
"C:\program files\Microsoft SQL Server","APPLICATION PACKAGE AUTHORITY\ALL APPLICATION PACKAGES","ReadAndExecute, Synchronize","Allow","True","None"
"C:\program files\Microsoft SQL Server","APPLICATION PACKAGE AUTHORITY\ALL APPLICATION PACKAGES","-1610612736","Allow","True","ContainerInherit, ObjectInherit"
"C:\program files\Microsoft SQL Server","APPLICATION PACKAGE AUTHORITY\ALL RESTRICTED APPLICATION PACKAGES","ReadAndExecute, Synchronize","Allow","True","None"
"C:\program files\Microsoft SQL Server","APPLICATION PACKAGE AUTHORITY\ALL RESTRICTED APPLICATION PACKAGES","-1610612736","Allow","True","ContainerInherit, ObjectInherit"
"C:\program files\Microsoft Update Health Tools","NT SERVICE\TrustedInstaller","FullControl","Allow","True","None"
"C:\program files\Microsoft Update Health Tools","NT SERVICE\TrustedInstaller","268435456","Allow","True","ContainerInherit"
"C:\program files\Microsoft Update Health Tools","NT AUTHORITY\SYSTEM","FullControl","Allow","True","None"
"C:\program files\Microsoft Update Health Tools","NT AUTHORITY\SYSTEM","268435456","Allow","True","ContainerInherit, ObjectInherit"
"C:\program files\Microsoft Update Health Tools","BUILTIN\Administrators","FullControl","Allow","True","None"
"C:\program files\Microsoft Update Health Tools","BUILTIN\Administrators","268435456","Allow","True","ContainerInherit, ObjectInherit"
"C:\program files\Microsoft Update Health Tools","BUILTIN\Users","ReadAndExecute, Synchronize","Allow","True","None"
"C:\program files\Microsoft Update Health Tools","BUILTIN\Users","-1610612736","Allow","True","ContainerInherit, ObjectInherit"
"C:\program files\Microsoft Update Health Tools","CREATOR OWNER","268435456","Allow","True","ContainerInherit, ObjectInherit"
"C:\program files\Microsoft Update Health Tools","APPLICATION PACKAGE AUTHORITY\ALL APPLICATION PACKAGES","ReadAndExecute, Synchronize","Allow","True","None"
"C:\program files\Microsoft Update Health Tools","APPLICATION PACKAGE AUTHORITY\ALL APPLICATION PACKAGES","-1610612736","Allow","True","ContainerInherit, ObjectInherit"
"C:\program files\Microsoft Update Health Tools","APPLICATION PACKAGE AUTHORITY\ALL RESTRICTED APPLICATION PACKAGES","ReadAndExecute, Synchronize","Allow","True","None"
"C:\program files\Microsoft Update Health Tools","APPLICATION PACKAGE AUTHORITY\ALL RESTRICTED APPLICATION PACKAGES","-1610612736","Allow","True","ContainerInherit, ObjectInherit"
"C:\program files\Microsoft Visual Studio","NT SERVICE\TrustedInstaller","FullControl","Allow","True","None"
"C:\program files\Microsoft Visual Studio","NT SERVICE\TrustedInstaller","268435456","Allow","True","ContainerInherit"
"C:\program files\Microsoft Visual Studio","NT AUTHORITY\SYSTEM","FullControl","Allow","True","None"
"C:\program files\Microsoft Visual Studio","NT AUTHORITY\SYSTEM","268435456","Allow","True","ContainerInherit, ObjectInherit"
"C:\program files\Microsoft Visual Studio","BUILTIN\Administrators","FullControl","Allow","True","None"
"C:\program files\Microsoft Visual Studio","BUILTIN\Administrators","268435456","Allow","True","ContainerInherit, ObjectInherit"
"C:\program files\Microsoft Visual Studio","BUILTIN\Users","ReadAndExecute, Synchronize","Allow","True","None"
"C:\program files\Microsoft Visual Studio","BUILTIN\Users","-1610612736","Allow","True","ContainerInherit, ObjectInherit"
"C:\program files\Microsoft Visual Studio","CREATOR OWNER","268435456","Allow","True","ContainerInherit, ObjectInherit"
"C:\program files\Microsoft Visual Studio","APPLICATION PACKAGE AUTHORITY\ALL APPLICATION PACKAGES","ReadAndExecute, Synchronize","Allow","True","None"
"C:\program files\Microsoft Visual Studio","APPLICATION PACKAGE AUTHORITY\ALL APPLICATION PACKAGES","-1610612736","Allow","True","ContainerInherit, ObjectInherit"
"C:\program files\Microsoft Visual Studio","APPLICATION PACKAGE AUTHORITY\ALL RESTRICTED APPLICATION PACKAGES","ReadAndExecute, Synchronize","Allow","True","None"
"C:\program files\Microsoft Visual Studio","APPLICATION PACKAGE AUTHORITY\ALL RESTRICTED APPLICATION PACKAGES","-1610612736","Allow","True","ContainerInherit, ObjectInherit"
"C:\program files\Microsoft Visual Studio 10.0","NT SERVICE\TrustedInstaller","FullControl","Allow","True","None"
"C:\program files\Microsoft Visual Studio 10.0","NT SERVICE\TrustedInstaller","268435456","Allow","True","ContainerInherit"
"C:\program files\Microsoft Visual Studio 10.0","NT AUTHORITY\SYSTEM","FullControl","Allow","True","None"
"C:\program files\Microsoft Visual Studio 10.0","NT AUTHORITY\SYSTEM","268435456","Allow","True","ContainerInherit, ObjectInherit"
"C:\program files\Microsoft Visual Studio 10.0","BUILTIN\Administrators","FullControl","Allow","True","None"
"C:\program files\Microsoft Visual Studio 10.0","BUILTIN\Administrators","268435456","Allow","True","ContainerInherit, ObjectInherit"
"C:\program files\Microsoft Visual Studio 10.0","BUILTIN\Users","ReadAndExecute, Synchronize","Allow","True","None"
"C:\program files\Microsoft Visual Studio 10.0","BUILTIN\Users","-1610612736","Allow","True","ContainerInherit, ObjectInherit"
"C:\program files\Microsoft Visual Studio 10.0","CREATOR OWNER","268435456","Allow","True","ContainerInherit, ObjectInherit"
"C:\program files\Microsoft Visual Studio 10.0","APPLICATION PACKAGE AUTHORITY\ALL APPLICATION PACKAGES","ReadAndExecute, Synchronize","Allow","True","None"
"C:\program files\Microsoft Visual Studio 10.0","APPLICATION PACKAGE AUTHORITY\ALL APPLICATION PACKAGES","-1610612736","Allow","True","ContainerInherit, ObjectInherit"
"C:\program files\Microsoft Visual Studio 10.0","APPLICATION PACKAGE AUTHORITY\ALL RESTRICTED APPLICATION PACKAGES","ReadAndExecute, Synchronize","Allow","True","None"
"C:\program files\Microsoft Visual Studio 10.0","APPLICATION PACKAGE AUTHORITY\ALL RESTRICTED APPLICATION PACKAGES","-1610612736","Allow","True","ContainerInherit, ObjectInherit"
"C:\program files\Microsoft.NET","NT SERVICE\TrustedInstaller","FullControl","Allow","True","None"
"C:\program files\Microsoft.NET","NT SERVICE\TrustedInstaller","268435456","Allow","True","ContainerInherit"
"C:\program files\Microsoft.NET","NT AUTHORITY\SYSTEM","FullControl","Allow","True","None"
"C:\program files\Microsoft.NET","NT AUTHORITY\SYSTEM","268435456","Allow","True","ContainerInherit, ObjectInherit"
"C:\program files\Microsoft.NET","BUILTIN\Administrators","FullControl","Allow","True","None"
"C:\program files\Microsoft.NET","BUILTIN\Administrators","268435456","Allow","True","ContainerInherit, ObjectInherit"
"C:\program files\Microsoft.NET","BUILTIN\Users","ReadAndExecute, Synchronize","Allow","True","None"
"C:\program files\Microsoft.NET","BUILTIN\Users","-1610612736","Allow","True","ContainerInherit, ObjectInherit"
"C:\program files\Microsoft.NET","CREATOR OWNER","268435456","Allow","True","ContainerInherit, ObjectInherit"
"C:\program files\Microsoft.NET","APPLICATION PACKAGE AUTHORITY\ALL APPLICATION PACKAGES","ReadAndExecute, Synchronize","Allow","True","None"
"C:\program files\Microsoft.NET","APPLICATION PACKAGE AUTHORITY\ALL APPLICATION PACKAGES","-1610612736","Allow","True","ContainerInherit, ObjectInherit"
"C:\program files\Microsoft.NET","APPLICATION PACKAGE AUTHORITY\ALL RESTRICTED APPLICATION PACKAGES","ReadAndExecute, Synchronize","Allow","True","None"
"C:\program files\Microsoft.NET","APPLICATION PACKAGE AUTHORITY\ALL RESTRICTED APPLICATION PACKAGES","-1610612736","Allow","True","ContainerInherit, ObjectInherit"
"C:\program files\MiniTool Partition Wizard 12","NT SERVICE\TrustedInstaller","FullControl","Allow","True","None"
"C:\program files\MiniTool Partition Wizard 12","NT SERVICE\TrustedInstaller","268435456","Allow","True","ContainerInherit"
"C:\program files\MiniTool Partition Wizard 12","NT AUTHORITY\SYSTEM","FullControl","Allow","True","None"
"C:\program files\MiniTool Partition Wizard 12","NT AUTHORITY\SYSTEM","268435456","Allow","True","ContainerInherit, ObjectInherit"
"C:\program files\MiniTool Partition Wizard 12","BUILTIN\Administrators","FullControl","Allow","True","None"
"C:\program files\MiniTool Partition Wizard 12","BUILTIN\Administrators","268435456","Allow","True","ContainerInherit, ObjectInherit"
"C:\program files\MiniTool Partition Wizard 12","BUILTIN\Users","ReadAndExecute, Synchronize","Allow","True","None"
"C:\program files\MiniTool Partition Wizard 12","BUILTIN\Users","-1610612736","Allow","True","ContainerInherit, ObjectInherit"
"C:\program files\MiniTool Partition Wizard 12","CREATOR OWNER","268435456","Allow","True","ContainerInherit, ObjectInherit"
"C:\program files\MiniTool Partition Wizard 12","APPLICATION PACKAGE AUTHORITY\ALL APPLICATION PACKAGES","ReadAndExecute, Synchronize","Allow","True","None"
"C:\program files\MiniTool Partition Wizard 12","APPLICATION PACKAGE AUTHORITY\ALL APPLICATION PACKAGES","-1610612736","Allow","True","ContainerInherit, ObjectInherit"
"C:\program files\MiniTool Partition Wizard 12","APPLICATION PACKAGE AUTHORITY\ALL RESTRICTED APPLICATION PACKAGES","ReadAndExecute, Synchronize","Allow","True","None"
"C:\program files\MiniTool Partition Wizard 12","APPLICATION PACKAGE AUTHORITY\ALL RESTRICTED APPLICATION PACKAGES","-1610612736","Allow","True","ContainerInherit, ObjectInherit"
"C:\program files\ModifiableWindowsApps","NT AUTHORITY\RESTRICTED","ReadAndExecute, Synchronize","Allow","False","ContainerInherit, ObjectInherit"
"C:\program files\ModifiableWindowsApps","NT AUTHORITY\SYSTEM","268435456","Allow","False","ContainerInherit, ObjectInherit"
"C:\program files\ModifiableWindowsApps","NT AUTHORITY\SYSTEM","FullControl","Allow","False","None"
"C:\program files\ModifiableWindowsApps","NT AUTHORITY\LOCAL SERVICE","ReadAndExecute, Synchronize","Allow","False","ContainerInherit"
"C:\program files\ModifiableWindowsApps","NT AUTHORITY\NETWORK SERVICE","ReadAndExecute, Synchronize","Allow","False","ContainerInherit, ObjectInherit"
"C:\program files\ModifiableWindowsApps","BUILTIN\Users","ReadAndExecute, Synchronize","Allow","False","ContainerInherit"
"C:\program files\ModifiableWindowsApps","BUILTIN\Users","ExecuteFile, ReadAttributes, ReadPermissions, Synchronize","Allow","False","None"
"C:\program files\ModifiableWindowsApps","NT SERVICE\TrustedInstaller","268435456","Allow","False","ContainerInherit, ObjectInherit"
"C:\program files\ModifiableWindowsApps","NT SERVICE\TrustedInstaller","FullControl","Allow","False","None"
"C:\program files\ModifiableWindowsApps","S-1-15-3-1024-3635283841-2530182609-996808640-1887759898-3848208603-3313616867-983405619-2501854204","-1610612736","Allow","False","ContainerInherit, ObjectInherit"
"C:\program files\ModifiableWindowsApps","S-1-15-3-1024-3635283841-2530182609-996808640-1887759898-3848208603-3313616867-983405619-2501854204","ReadAndExecute, Synchronize","Allow","False","None"
"C:\program files\Notepad++","NT SERVICE\TrustedInstaller","FullControl","Allow","True","None"
"C:\program files\Notepad++","NT SERVICE\TrustedInstaller","268435456","Allow","True","ContainerInherit"
"C:\program files\Notepad++","NT AUTHORITY\SYSTEM","FullControl","Allow","True","None"
"C:\program files\Notepad++","NT AUTHORITY\SYSTEM","268435456","Allow","True","ContainerInherit, ObjectInherit"
"C:\program files\Notepad++","BUILTIN\Administrators","FullControl","Allow","True","None"
"C:\program files\Notepad++","BUILTIN\Administrators","268435456","Allow","True","ContainerInherit, ObjectInherit"
"C:\program files\Notepad++","BUILTIN\Users","ReadAndExecute, Synchronize","Allow","True","None"
"C:\program files\Notepad++","BUILTIN\Users","-1610612736","Allow","True","ContainerInherit, ObjectInherit"
"C:\program files\Notepad++","CREATOR OWNER","268435456","Allow","True","ContainerInherit, ObjectInherit"
"C:\program files\Notepad++","APPLICATION PACKAGE AUTHORITY\ALL APPLICATION PACKAGES","ReadAndExecute, Synchronize","Allow","True","None"
"C:\program files\Notepad++","APPLICATION PACKAGE AUTHORITY\ALL APPLICATION PACKAGES","-1610612736","Allow","True","ContainerInherit, ObjectInherit"
"C:\program files\Notepad++","APPLICATION PACKAGE AUTHORITY\ALL RESTRICTED APPLICATION PACKAGES","ReadAndExecute, Synchronize","Allow","True","None"
"C:\program files\Notepad++","APPLICATION PACKAGE AUTHORITY\ALL RESTRICTED APPLICATION PACKAGES","-1610612736","Allow","True","ContainerInherit, ObjectInherit"
"C:\program files\Npcap","NT SERVICE\TrustedInstaller","FullControl","Allow","True","None"
"C:\program files\Npcap","NT SERVICE\TrustedInstaller","268435456","Allow","True","ContainerInherit"
"C:\program files\Npcap","NT AUTHORITY\SYSTEM","FullControl","Allow","True","None"
"C:\program files\Npcap","NT AUTHORITY\SYSTEM","268435456","Allow","True","ContainerInherit, ObjectInherit"
"C:\program files\Npcap","BUILTIN\Administrators","FullControl","Allow","True","None"
"C:\program files\Npcap","BUILTIN\Administrators","268435456","Allow","True","ContainerInherit, ObjectInherit"
"C:\program files\Npcap","BUILTIN\Users","ReadAndExecute, Synchronize","Allow","True","None"
"C:\program files\Npcap","BUILTIN\Users","-1610612736","Allow","True","ContainerInherit, ObjectInherit"
"C:\program files\Npcap","CREATOR OWNER","268435456","Allow","True","ContainerInherit, ObjectInherit"
"C:\program files\Npcap","APPLICATION PACKAGE AUTHORITY\ALL APPLICATION PACKAGES","ReadAndExecute, Synchronize","Allow","True","None"
"C:\program files\Npcap","APPLICATION PACKAGE AUTHORITY\ALL APPLICATION PACKAGES","-1610612736","Allow","True","ContainerInherit, ObjectInherit"
"C:\program files\Npcap","APPLICATION PACKAGE AUTHORITY\ALL RESTRICTED APPLICATION PACKAGES","ReadAndExecute, Synchronize","Allow","True","None"
"C:\program files\Npcap","APPLICATION PACKAGE AUTHORITY\ALL RESTRICTED APPLICATION PACKAGES","-1610612736","Allow","True","ContainerInherit, ObjectInherit"
"C:\program files\NVIDIA Corporation","NT SERVICE\TrustedInstaller","FullControl","Allow","True","None"
"C:\program files\NVIDIA Corporation","NT SERVICE\TrustedInstaller","268435456","Allow","True","ContainerInherit"
"C:\program files\NVIDIA Corporation","NT AUTHORITY\SYSTEM","FullControl","Allow","True","None"
"C:\program files\NVIDIA Corporation","NT AUTHORITY\SYSTEM","268435456","Allow","True","ContainerInherit, ObjectInherit"
"C:\program files\NVIDIA Corporation","BUILTIN\Administrators","FullControl","Allow","True","None"
"C:\program files\NVIDIA Corporation","BUILTIN\Administrators","268435456","Allow","True","ContainerInherit, ObjectInherit"
"C:\program files\NVIDIA Corporation","BUILTIN\Users","ReadAndExecute, Synchronize","Allow","True","None"
"C:\program files\NVIDIA Corporation","BUILTIN\Users","-1610612736","Allow","True","ContainerInherit, ObjectInherit"
"C:\program files\NVIDIA Corporation","CREATOR OWNER","268435456","Allow","True","ContainerInherit, ObjectInherit"
"C:\program files\NVIDIA Corporation","APPLICATION PACKAGE AUTHORITY\ALL APPLICATION PACKAGES","ReadAndExecute, Synchronize","Allow","True","None"
"C:\program files\NVIDIA Corporation","APPLICATION PACKAGE AUTHORITY\ALL APPLICATION PACKAGES","-1610612736","Allow","True","ContainerInherit, ObjectInherit"
"C:\program files\NVIDIA Corporation","APPLICATION PACKAGE AUTHORITY\ALL RESTRICTED APPLICATION PACKAGES","ReadAndExecute, Synchronize","Allow","True","None"
"C:\program files\NVIDIA Corporation","APPLICATION PACKAGE AUTHORITY\ALL RESTRICTED APPLICATION PACKAGES","-1610612736","Allow","True","ContainerInherit, ObjectInherit"
"C:\program files\PackageManagement","NT SERVICE\TrustedInstaller","FullControl","Allow","True","None"
"C:\program files\PackageManagement","NT SERVICE\TrustedInstaller","268435456","Allow","True","ContainerInherit"
"C:\program files\PackageManagement","NT AUTHORITY\SYSTEM","FullControl","Allow","True","None"
"C:\program files\PackageManagement","NT AUTHORITY\SYSTEM","268435456","Allow","True","ContainerInherit, ObjectInherit"
"C:\program files\PackageManagement","BUILTIN\Administrators","FullControl","Allow","True","None"
"C:\program files\PackageManagement","BUILTIN\Administrators","268435456","Allow","True","ContainerInherit, ObjectInherit"
"C:\program files\PackageManagement","BUILTIN\Users","ReadAndExecute, Synchronize","Allow","True","None"
"C:\program files\PackageManagement","BUILTIN\Users","-1610612736","Allow","True","ContainerInherit, ObjectInherit"
"C:\program files\PackageManagement","CREATOR OWNER","268435456","Allow","True","ContainerInherit, ObjectInherit"
"C:\program files\PackageManagement","APPLICATION PACKAGE AUTHORITY\ALL APPLICATION PACKAGES","ReadAndExecute, Synchronize","Allow","True","None"
"C:\program files\PackageManagement","APPLICATION PACKAGE AUTHORITY\ALL APPLICATION PACKAGES","-1610612736","Allow","True","ContainerInherit, ObjectInherit"
"C:\program files\PackageManagement","APPLICATION PACKAGE AUTHORITY\ALL RESTRICTED APPLICATION PACKAGES","ReadAndExecute, Synchronize","Allow","True","None"
"C:\program files\PackageManagement","APPLICATION PACKAGE AUTHORITY\ALL RESTRICTED APPLICATION PACKAGES","-1610612736","Allow","True","ContainerInherit, ObjectInherit"
"C:\program files\Palo Alto Networks","NT SERVICE\TrustedInstaller","FullControl","Allow","True","None"
"C:\program files\Palo Alto Networks","NT SERVICE\TrustedInstaller","268435456","Allow","True","ContainerInherit"
"C:\program files\Palo Alto Networks","NT AUTHORITY\SYSTEM","FullControl","Allow","True","None"
"C:\program files\Palo Alto Networks","NT AUTHORITY\SYSTEM","268435456","Allow","True","ContainerInherit, ObjectInherit"
"C:\program files\Palo Alto Networks","BUILTIN\Administrators","FullControl","Allow","True","None"
"C:\program files\Palo Alto Networks","BUILTIN\Administrators","268435456","Allow","True","ContainerInherit, ObjectInherit"
"C:\program files\Palo Alto Networks","BUILTIN\Users","ReadAndExecute, Synchronize","Allow","True","None"
"C:\program files\Palo Alto Networks","BUILTIN\Users","-1610612736","Allow","True","ContainerInherit, ObjectInherit"
"C:\program files\Palo Alto Networks","CREATOR OWNER","268435456","Allow","True","ContainerInherit, ObjectInherit"
"C:\program files\Palo Alto Networks","APPLICATION PACKAGE AUTHORITY\ALL APPLICATION PACKAGES","ReadAndExecute, Synchronize","Allow","True","None"
"C:\program files\Palo Alto Networks","APPLICATION PACKAGE AUTHORITY\ALL APPLICATION PACKAGES","-1610612736","Allow","True","ContainerInherit, ObjectInherit"
"C:\program files\Palo Alto Networks","APPLICATION PACKAGE AUTHORITY\ALL RESTRICTED APPLICATION PACKAGES","ReadAndExecute, Synchronize","Allow","True","None"
"C:\program files\Palo Alto Networks","APPLICATION PACKAGE AUTHORITY\ALL RESTRICTED APPLICATION PACKAGES","-1610612736","Allow","True","ContainerInherit, ObjectInherit"
"C:\program files\PCHealthCheck","NT SERVICE\TrustedInstaller","FullControl","Allow","True","None"
"C:\program files\PCHealthCheck","NT SERVICE\TrustedInstaller","268435456","Allow","True","ContainerInherit"
"C:\program files\PCHealthCheck","NT AUTHORITY\SYSTEM","FullControl","Allow","True","None"
"C:\program files\PCHealthCheck","NT AUTHORITY\SYSTEM","268435456","Allow","True","ContainerInherit, ObjectInherit"
"C:\program files\PCHealthCheck","BUILTIN\Administrators","FullControl","Allow","True","None"
"C:\program files\PCHealthCheck","BUILTIN\Administrators","268435456","Allow","True","ContainerInherit, ObjectInherit"
"C:\program files\PCHealthCheck","BUILTIN\Users","ReadAndExecute, Synchronize","Allow","True","None"
"C:\program files\PCHealthCheck","BUILTIN\Users","-1610612736","Allow","True","ContainerInherit, ObjectInherit"
"C:\program files\PCHealthCheck","CREATOR OWNER","268435456","Allow","True","ContainerInherit, ObjectInherit"
"C:\program files\PCHealthCheck","APPLICATION PACKAGE AUTHORITY\ALL APPLICATION PACKAGES","ReadAndExecute, Synchronize","Allow","True","None"
"C:\program files\PCHealthCheck","APPLICATION PACKAGE AUTHORITY\ALL APPLICATION PACKAGES","-1610612736","Allow","True","ContainerInherit, ObjectInherit"
"C:\program files\PCHealthCheck","APPLICATION PACKAGE AUTHORITY\ALL RESTRICTED APPLICATION PACKAGES","ReadAndExecute, Synchronize","Allow","True","None"
"C:\program files\PCHealthCheck","APPLICATION PACKAGE AUTHORITY\ALL RESTRICTED APPLICATION PACKAGES","-1610612736","Allow","True","ContainerInherit, ObjectInherit"
"C:\program files\PowerShell","NT SERVICE\TrustedInstaller","FullControl","Allow","True","None"
"C:\program files\PowerShell","NT SERVICE\TrustedInstaller","268435456","Allow","True","ContainerInherit"
"C:\program files\PowerShell","NT AUTHORITY\SYSTEM","FullControl","Allow","True","None"
"C:\program files\PowerShell","NT AUTHORITY\SYSTEM","268435456","Allow","True","ContainerInherit, ObjectInherit"
"C:\program files\PowerShell","BUILTIN\Administrators","FullControl","Allow","True","None"
"C:\program files\PowerShell","BUILTIN\Administrators","268435456","Allow","True","ContainerInherit, ObjectInherit"
"C:\program files\PowerShell","BUILTIN\Users","ReadAndExecute, Synchronize","Allow","True","None"
"C:\program files\PowerShell","BUILTIN\Users","-1610612736","Allow","True","ContainerInherit, ObjectInherit"
"C:\program files\PowerShell","CREATOR OWNER","268435456","Allow","True","ContainerInherit, ObjectInherit"
"C:\program files\PowerShell","APPLICATION PACKAGE AUTHORITY\ALL APPLICATION PACKAGES","ReadAndExecute, Synchronize","Allow","True","None"
"C:\program files\PowerShell","APPLICATION PACKAGE AUTHORITY\ALL APPLICATION PACKAGES","-1610612736","Allow","True","ContainerInherit, ObjectInherit"
"C:\program files\PowerShell","APPLICATION PACKAGE AUTHORITY\ALL RESTRICTED APPLICATION PACKAGES","ReadAndExecute, Synchronize","Allow","True","None"
"C:\program files\PowerShell","APPLICATION PACKAGE AUTHORITY\ALL RESTRICTED APPLICATION PACKAGES","-1610612736","Allow","True","ContainerInherit, ObjectInherit"
"C:\program files\ProGet","NT SERVICE\TrustedInstaller","FullControl","Allow","True","None"
"C:\program files\ProGet","NT SERVICE\TrustedInstaller","268435456","Allow","True","ContainerInherit"
"C:\program files\ProGet","NT AUTHORITY\SYSTEM","FullControl","Allow","True","None"
"C:\program files\ProGet","NT AUTHORITY\SYSTEM","268435456","Allow","True","ContainerInherit, ObjectInherit"
"C:\program files\ProGet","BUILTIN\Administrators","FullControl","Allow","True","None"
"C:\program files\ProGet","BUILTIN\Administrators","268435456","Allow","True","ContainerInherit, ObjectInherit"
"C:\program files\ProGet","BUILTIN\Users","ReadAndExecute, Synchronize","Allow","True","None"
"C:\program files\ProGet","BUILTIN\Users","-1610612736","Allow","True","ContainerInherit, ObjectInherit"
"C:\program files\ProGet","CREATOR OWNER","268435456","Allow","True","ContainerInherit, ObjectInherit"
"C:\program files\ProGet","APPLICATION PACKAGE AUTHORITY\ALL APPLICATION PACKAGES","ReadAndExecute, Synchronize","Allow","True","None"
"C:\program files\ProGet","APPLICATION PACKAGE AUTHORITY\ALL APPLICATION PACKAGES","-1610612736","Allow","True","ContainerInherit, ObjectInherit"
"C:\program files\ProGet","APPLICATION PACKAGE AUTHORITY\ALL RESTRICTED APPLICATION PACKAGES","ReadAndExecute, Synchronize","Allow","True","None"
"C:\program files\ProGet","APPLICATION PACKAGE AUTHORITY\ALL RESTRICTED APPLICATION PACKAGES","-1610612736","Allow","True","ContainerInherit, ObjectInherit"
"C:\program files\PuTTY","NT SERVICE\TrustedInstaller","FullControl","Allow","True","None"
"C:\program files\PuTTY","NT SERVICE\TrustedInstaller","268435456","Allow","True","ContainerInherit"
"C:\program files\PuTTY","NT AUTHORITY\SYSTEM","FullControl","Allow","True","None"
"C:\program files\PuTTY","NT AUTHORITY\SYSTEM","268435456","Allow","True","ContainerInherit, ObjectInherit"
"C:\program files\PuTTY","BUILTIN\Administrators","FullControl","Allow","True","None"
"C:\program files\PuTTY","BUILTIN\Administrators","268435456","Allow","True","ContainerInherit, ObjectInherit"
"C:\program files\PuTTY","BUILTIN\Users","ReadAndExecute, Synchronize","Allow","True","None"
"C:\program files\PuTTY","BUILTIN\Users","-1610612736","Allow","True","ContainerInherit, ObjectInherit"
"C:\program files\PuTTY","CREATOR OWNER","268435456","Allow","True","ContainerInherit, ObjectInherit"
"C:\program files\PuTTY","APPLICATION PACKAGE AUTHORITY\ALL APPLICATION PACKAGES","ReadAndExecute, Synchronize","Allow","True","None"
"C:\program files\PuTTY","APPLICATION PACKAGE AUTHORITY\ALL APPLICATION PACKAGES","-1610612736","Allow","True","ContainerInherit, ObjectInherit"
"C:\program files\PuTTY","APPLICATION PACKAGE AUTHORITY\ALL RESTRICTED APPLICATION PACKAGES","ReadAndExecute, Synchronize","Allow","True","None"
"C:\program files\PuTTY","APPLICATION PACKAGE AUTHORITY\ALL RESTRICTED APPLICATION PACKAGES","-1610612736","Allow","True","ContainerInherit, ObjectInherit"
"C:\program files\RUXIM","NT SERVICE\TrustedInstaller","FullControl","Allow","True","None"
"C:\program files\RUXIM","NT SERVICE\TrustedInstaller","268435456","Allow","True","ContainerInherit"
"C:\program files\RUXIM","NT AUTHORITY\SYSTEM","FullControl","Allow","True","None"
"C:\program files\RUXIM","NT AUTHORITY\SYSTEM","268435456","Allow","True","ContainerInherit, ObjectInherit"
"C:\program files\RUXIM","BUILTIN\Administrators","FullControl","Allow","True","None"
"C:\program files\RUXIM","BUILTIN\Administrators","268435456","Allow","True","ContainerInherit, ObjectInherit"
"C:\program files\RUXIM","BUILTIN\Users","ReadAndExecute, Synchronize","Allow","True","None"
"C:\program files\RUXIM","BUILTIN\Users","-1610612736","Allow","True","ContainerInherit, ObjectInherit"
"C:\program files\RUXIM","CREATOR OWNER","268435456","Allow","True","ContainerInherit, ObjectInherit"
"C:\program files\RUXIM","APPLICATION PACKAGE AUTHORITY\ALL APPLICATION PACKAGES","ReadAndExecute, Synchronize","Allow","True","None"
"C:\program files\RUXIM","APPLICATION PACKAGE AUTHORITY\ALL APPLICATION PACKAGES","-1610612736","Allow","True","ContainerInherit, ObjectInherit"
"C:\program files\RUXIM","APPLICATION PACKAGE AUTHORITY\ALL RESTRICTED APPLICATION PACKAGES","ReadAndExecute, Synchronize","Allow","True","None"
"C:\program files\RUXIM","APPLICATION PACKAGE AUTHORITY\ALL RESTRICTED APPLICATION PACKAGES","-1610612736","Allow","True","ContainerInherit, ObjectInherit"
"C:\program files\simplewall","NT SERVICE\TrustedInstaller","FullControl","Allow","True","None"
"C:\program files\simplewall","NT SERVICE\TrustedInstaller","268435456","Allow","True","ContainerInherit"
"C:\program files\simplewall","NT AUTHORITY\SYSTEM","FullControl","Allow","True","None"
"C:\program files\simplewall","NT AUTHORITY\SYSTEM","268435456","Allow","True","ContainerInherit, ObjectInherit"
"C:\program files\simplewall","BUILTIN\Administrators","FullControl","Allow","True","None"
"C:\program files\simplewall","BUILTIN\Administrators","268435456","Allow","True","ContainerInherit, ObjectInherit"
"C:\program files\simplewall","BUILTIN\Users","ReadAndExecute, Synchronize","Allow","True","None"
"C:\program files\simplewall","BUILTIN\Users","-1610612736","Allow","True","ContainerInherit, ObjectInherit"
"C:\program files\simplewall","CREATOR OWNER","268435456","Allow","True","ContainerInherit, ObjectInherit"
"C:\program files\simplewall","APPLICATION PACKAGE AUTHORITY\ALL APPLICATION PACKAGES","ReadAndExecute, Synchronize","Allow","True","None"
"C:\program files\simplewall","APPLICATION PACKAGE AUTHORITY\ALL APPLICATION PACKAGES","-1610612736","Allow","True","ContainerInherit, ObjectInherit"
"C:\program files\simplewall","APPLICATION PACKAGE AUTHORITY\ALL RESTRICTED APPLICATION PACKAGES","ReadAndExecute, Synchronize","Allow","True","None"
"C:\program files\simplewall","APPLICATION PACKAGE AUTHORITY\ALL RESTRICTED APPLICATION PACKAGES","-1610612736","Allow","True","ContainerInherit, ObjectInherit"
"C:\program files\Turtle Beach Audio Driver","NT SERVICE\TrustedInstaller","FullControl","Allow","True","None"
"C:\program files\Turtle Beach Audio Driver","NT SERVICE\TrustedInstaller","268435456","Allow","True","ContainerInherit"
"C:\program files\Turtle Beach Audio Driver","NT AUTHORITY\SYSTEM","FullControl","Allow","True","None"
"C:\program files\Turtle Beach Audio Driver","NT AUTHORITY\SYSTEM","268435456","Allow","True","ContainerInherit, ObjectInherit"
"C:\program files\Turtle Beach Audio Driver","BUILTIN\Administrators","FullControl","Allow","True","None"
"C:\program files\Turtle Beach Audio Driver","BUILTIN\Administrators","268435456","Allow","True","ContainerInherit, ObjectInherit"
"C:\program files\Turtle Beach Audio Driver","BUILTIN\Users","ReadAndExecute, Synchronize","Allow","True","None"
"C:\program files\Turtle Beach Audio Driver","BUILTIN\Users","-1610612736","Allow","True","ContainerInherit, ObjectInherit"
"C:\program files\Turtle Beach Audio Driver","CREATOR OWNER","268435456","Allow","True","ContainerInherit, ObjectInherit"
"C:\program files\Turtle Beach Audio Driver","APPLICATION PACKAGE AUTHORITY\ALL APPLICATION PACKAGES","ReadAndExecute, Synchronize","Allow","True","None"
"C:\program files\Turtle Beach Audio Driver","APPLICATION PACKAGE AUTHORITY\ALL APPLICATION PACKAGES","-1610612736","Allow","True","ContainerInherit, ObjectInherit"
"C:\program files\Turtle Beach Audio Driver","APPLICATION PACKAGE AUTHORITY\ALL RESTRICTED APPLICATION PACKAGES","ReadAndExecute, Synchronize","Allow","True","None"
"C:\program files\Turtle Beach Audio Driver","APPLICATION PACKAGE AUTHORITY\ALL RESTRICTED APPLICATION PACKAGES","-1610612736","Allow","True","ContainerInherit, ObjectInherit"
"C:\program files\Veeam","NT SERVICE\TrustedInstaller","FullControl","Allow","True","None"
"C:\program files\Veeam","NT SERVICE\TrustedInstaller","268435456","Allow","True","ContainerInherit"
"C:\program files\Veeam","NT AUTHORITY\SYSTEM","FullControl","Allow","True","None"
"C:\program files\Veeam","NT AUTHORITY\SYSTEM","268435456","Allow","True","ContainerInherit, ObjectInherit"
"C:\program files\Veeam","BUILTIN\Administrators","FullControl","Allow","True","None"
"C:\program files\Veeam","BUILTIN\Administrators","268435456","Allow","True","ContainerInherit, ObjectInherit"
"C:\program files\Veeam","BUILTIN\Users","ReadAndExecute, Synchronize","Allow","True","None"
"C:\program files\Veeam","BUILTIN\Users","-1610612736","Allow","True","ContainerInherit, ObjectInherit"
"C:\program files\Veeam","CREATOR OWNER","268435456","Allow","True","ContainerInherit, ObjectInherit"
"C:\program files\Veeam","APPLICATION PACKAGE AUTHORITY\ALL APPLICATION PACKAGES","ReadAndExecute, Synchronize","Allow","True","None"
"C:\program files\Veeam","APPLICATION PACKAGE AUTHORITY\ALL APPLICATION PACKAGES","-1610612736","Allow","True","ContainerInherit, ObjectInherit"
"C:\program files\Veeam","APPLICATION PACKAGE AUTHORITY\ALL RESTRICTED APPLICATION PACKAGES","ReadAndExecute, Synchronize","Allow","True","None"
"C:\program files\Veeam","APPLICATION PACKAGE AUTHORITY\ALL RESTRICTED APPLICATION PACKAGES","-1610612736","Allow","True","ContainerInherit, ObjectInherit"
"C:\program files\VideoLAN","NT SERVICE\TrustedInstaller","FullControl","Allow","True","None"
"C:\program files\VideoLAN","NT SERVICE\TrustedInstaller","268435456","Allow","True","ContainerInherit"
"C:\program files\VideoLAN","NT AUTHORITY\SYSTEM","FullControl","Allow","True","None"
"C:\program files\VideoLAN","NT AUTHORITY\SYSTEM","268435456","Allow","True","ContainerInherit, ObjectInherit"
"C:\program files\VideoLAN","BUILTIN\Administrators","FullControl","Allow","True","None"
"C:\program files\VideoLAN","BUILTIN\Administrators","268435456","Allow","True","ContainerInherit, ObjectInherit"
"C:\program files\VideoLAN","BUILTIN\Users","ReadAndExecute, Synchronize","Allow","True","None"
"C:\program files\VideoLAN","BUILTIN\Users","-1610612736","Allow","True","ContainerInherit, ObjectInherit"
"C:\program files\VideoLAN","CREATOR OWNER","268435456","Allow","True","ContainerInherit, ObjectInherit"
"C:\program files\VideoLAN","APPLICATION PACKAGE AUTHORITY\ALL APPLICATION PACKAGES","ReadAndExecute, Synchronize","Allow","True","None"
"C:\program files\VideoLAN","APPLICATION PACKAGE AUTHORITY\ALL APPLICATION PACKAGES","-1610612736","Allow","True","ContainerInherit, ObjectInherit"
"C:\program files\VideoLAN","APPLICATION PACKAGE AUTHORITY\ALL RESTRICTED APPLICATION PACKAGES","ReadAndExecute, Synchronize","Allow","True","None"
"C:\program files\VideoLAN","APPLICATION PACKAGE AUTHORITY\ALL RESTRICTED APPLICATION PACKAGES","-1610612736","Allow","True","ContainerInherit, ObjectInherit"
"C:\program files\Windows Defender","NT AUTHORITY\SYSTEM","FullControl","Allow","False","ContainerInherit, ObjectInherit"
"C:\program files\Windows Defender","BUILTIN\Administrators","-536805376","Allow","False","ContainerInherit, ObjectInherit"
"C:\program files\Windows Defender","BUILTIN\Administrators","Modify, Synchronize","Allow","False","None"
"C:\program files\Windows Defender","BUILTIN\Users","-1610612736","Allow","False","ContainerInherit, ObjectInherit"
"C:\program files\Windows Defender","BUILTIN\Users","ReadAndExecute, Synchronize","Allow","False","None"
"C:\program files\Windows Defender","NT SERVICE\TrustedInstaller","FullControl","Allow","False","ContainerInherit, ObjectInherit"
"C:\program files\Windows Defender","APPLICATION PACKAGE AUTHORITY\ALL APPLICATION PACKAGES","-1610612736","Allow","False","ContainerInherit, ObjectInherit"
"C:\program files\Windows Defender","APPLICATION PACKAGE AUTHORITY\ALL APPLICATION PACKAGES","ReadAndExecute, Synchronize","Allow","False","None"
"C:\program files\Windows Defender","S-1-15-3-1024-3153509613-960666767-3724611135-2725662640-12138253-543910227-1950414635-4190290187","-1610612736","Allow","False","ContainerInherit, ObjectInherit"
"C:\program files\Windows Defender","S-1-15-3-1024-3153509613-960666767-3724611135-2725662640-12138253-543910227-1950414635-4190290187","ReadAndExecute, Synchronize","Allow","False","None"
"C:\program files\Windows Defender Advanced Threat Protection","CREATOR OWNER","268435456","Allow","False","ContainerInherit, ObjectInherit"
"C:\program files\Windows Defender Advanced Threat Protection","NT AUTHORITY\SYSTEM","268435456","Allow","False","ContainerInherit, ObjectInherit"
"C:\program files\Windows Defender Advanced Threat Protection","NT AUTHORITY\SYSTEM","Modify, Synchronize","Allow","False","None"
"C:\program files\Windows Defender Advanced Threat Protection","BUILTIN\Administrators","268435456","Allow","False","ContainerInherit, ObjectInherit"
"C:\program files\Windows Defender Advanced Threat Protection","BUILTIN\Administrators","Modify, Synchronize","Allow","False","None"
"C:\program files\Windows Defender Advanced Threat Protection","BUILTIN\Users","-1610612736","Allow","False","ContainerInherit, ObjectInherit"
"C:\program files\Windows Defender Advanced Threat Protection","BUILTIN\Users","ReadAndExecute, Synchronize","Allow","False","None"
"C:\program files\Windows Defender Advanced Threat Protection","NT SERVICE\TrustedInstaller","268435456","Allow","False","ContainerInherit"
"C:\program files\Windows Defender Advanced Threat Protection","NT SERVICE\TrustedInstaller","FullControl","Allow","False","None"
"C:\program files\Windows Defender Advanced Threat Protection","APPLICATION PACKAGE AUTHORITY\ALL APPLICATION PACKAGES","ReadAndExecute, Synchronize","Allow","False","None"
"C:\program files\Windows Defender Advanced Threat Protection","APPLICATION PACKAGE AUTHORITY\ALL APPLICATION PACKAGES","-1610612736","Allow","False","ContainerInherit, ObjectInherit"
"C:\program files\Windows Defender Advanced Threat Protection","APPLICATION PACKAGE AUTHORITY\ALL RESTRICTED APPLICATION PACKAGES","ReadAndExecute, Synchronize","Allow","False","None"
"C:\program files\Windows Defender Advanced Threat Protection","APPLICATION PACKAGE AUTHORITY\ALL RESTRICTED APPLICATION PACKAGES","-1610612736","Allow","False","ContainerInherit, ObjectInherit"
"C:\program files\Windows Mail","CREATOR OWNER","268435456","Allow","False","ContainerInherit, ObjectInherit"
"C:\program files\Windows Mail","NT AUTHORITY\SYSTEM","268435456","Allow","False","ContainerInherit, ObjectInherit"
"C:\program files\Windows Mail","NT AUTHORITY\SYSTEM","Modify, Synchronize","Allow","False","None"
"C:\program files\Windows Mail","BUILTIN\Administrators","268435456","Allow","False","ContainerInherit, ObjectInherit"
"C:\program files\Windows Mail","BUILTIN\Administrators","Modify, Synchronize","Allow","False","None"
"C:\program files\Windows Mail","BUILTIN\Users","-1610612736","Allow","False","ContainerInherit, ObjectInherit"
"C:\program files\Windows Mail","BUILTIN\Users","ReadAndExecute, Synchronize","Allow","False","None"
"C:\program files\Windows Mail","NT SERVICE\TrustedInstaller","268435456","Allow","False","ContainerInherit"
"C:\program files\Windows Mail","NT SERVICE\TrustedInstaller","FullControl","Allow","False","None"
"C:\program files\Windows Mail","APPLICATION PACKAGE AUTHORITY\ALL APPLICATION PACKAGES","ReadAndExecute, Synchronize","Allow","False","None"
"C:\program files\Windows Mail","APPLICATION PACKAGE AUTHORITY\ALL APPLICATION PACKAGES","-1610612736","Allow","False","ContainerInherit, ObjectInherit"
"C:\program files\Windows Mail","APPLICATION PACKAGE AUTHORITY\ALL RESTRICTED APPLICATION PACKAGES","ReadAndExecute, Synchronize","Allow","False","None"
"C:\program files\Windows Mail","APPLICATION PACKAGE AUTHORITY\ALL RESTRICTED APPLICATION PACKAGES","-1610612736","Allow","False","ContainerInherit, ObjectInherit"
"C:\program files\Windows Media Player","CREATOR OWNER","268435456","Allow","False","ContainerInherit, ObjectInherit"
"C:\program files\Windows Media Player","NT AUTHORITY\SYSTEM","268435456","Allow","False","ContainerInherit, ObjectInherit"
"C:\program files\Windows Media Player","NT AUTHORITY\SYSTEM","Modify, Synchronize","Allow","False","None"
"C:\program files\Windows Media Player","BUILTIN\Administrators","268435456","Allow","False","ContainerInherit, ObjectInherit"
"C:\program files\Windows Media Player","BUILTIN\Administrators","Modify, Synchronize","Allow","False","None"
"C:\program files\Windows Media Player","BUILTIN\Users","-1610612736","Allow","False","ContainerInherit, ObjectInherit"
"C:\program files\Windows Media Player","BUILTIN\Users","ReadAndExecute, Synchronize","Allow","False","None"
"C:\program files\Windows Media Player","NT SERVICE\TrustedInstaller","268435456","Allow","False","ContainerInherit"
"C:\program files\Windows Media Player","NT SERVICE\TrustedInstaller","FullControl","Allow","False","None"
"C:\program files\Windows Media Player","APPLICATION PACKAGE AUTHORITY\ALL APPLICATION PACKAGES","ReadAndExecute, Synchronize","Allow","False","None"
"C:\program files\Windows Media Player","APPLICATION PACKAGE AUTHORITY\ALL APPLICATION PACKAGES","-1610612736","Allow","False","ContainerInherit, ObjectInherit"
"C:\program files\Windows Media Player","APPLICATION PACKAGE AUTHORITY\ALL RESTRICTED APPLICATION PACKAGES","ReadAndExecute, Synchronize","Allow","False","None"
"C:\program files\Windows Media Player","APPLICATION PACKAGE AUTHORITY\ALL RESTRICTED APPLICATION PACKAGES","-1610612736","Allow","False","ContainerInherit, ObjectInherit"
"C:\program files\Windows Multimedia Platform","CREATOR OWNER","268435456","Allow","False","ContainerInherit, ObjectInherit"
"C:\program files\Windows Multimedia Platform","NT AUTHORITY\SYSTEM","268435456","Allow","False","ContainerInherit, ObjectInherit"
"C:\program files\Windows Multimedia Platform","NT AUTHORITY\SYSTEM","Modify, Synchronize","Allow","False","None"
"C:\program files\Windows Multimedia Platform","BUILTIN\Administrators","268435456","Allow","False","ContainerInherit, ObjectInherit"
"C:\program files\Windows Multimedia Platform","BUILTIN\Administrators","Modify, Synchronize","Allow","False","None"
"C:\program files\Windows Multimedia Platform","BUILTIN\Users","-1610612736","Allow","False","ContainerInherit, ObjectInherit"
"C:\program files\Windows Multimedia Platform","BUILTIN\Users","ReadAndExecute, Synchronize","Allow","False","None"
"C:\program files\Windows Multimedia Platform","NT SERVICE\TrustedInstaller","268435456","Allow","False","ContainerInherit"
"C:\program files\Windows Multimedia Platform","NT SERVICE\TrustedInstaller","FullControl","Allow","False","None"
"C:\program files\Windows Multimedia Platform","APPLICATION PACKAGE AUTHORITY\ALL APPLICATION PACKAGES","ReadAndExecute, Synchronize","Allow","False","None"
"C:\program files\Windows Multimedia Platform","APPLICATION PACKAGE AUTHORITY\ALL APPLICATION PACKAGES","-1610612736","Allow","False","ContainerInherit, ObjectInherit"
"C:\program files\Windows Multimedia Platform","APPLICATION PACKAGE AUTHORITY\ALL RESTRICTED APPLICATION PACKAGES","ReadAndExecute, Synchronize","Allow","False","None"
"C:\program files\Windows Multimedia Platform","APPLICATION PACKAGE AUTHORITY\ALL RESTRICTED APPLICATION PACKAGES","-1610612736","Allow","False","ContainerInherit, ObjectInherit"
"C:\program files\Windows NT","CREATOR OWNER","268435456","Allow","False","ContainerInherit, ObjectInherit"
"C:\program files\Windows NT","NT AUTHORITY\SYSTEM","268435456","Allow","False","ContainerInherit, ObjectInherit"
"C:\program files\Windows NT","NT AUTHORITY\SYSTEM","Modify, Synchronize","Allow","False","None"
"C:\program files\Windows NT","BUILTIN\Administrators","268435456","Allow","False","ContainerInherit, ObjectInherit"
"C:\program files\Windows NT","BUILTIN\Administrators","Modify, Synchronize","Allow","False","None"
"C:\program files\Windows NT","BUILTIN\Users","-1610612736","Allow","False","ContainerInherit, ObjectInherit"
"C:\program files\Windows NT","BUILTIN\Users","ReadAndExecute, Synchronize","Allow","False","None"
"C:\program files\Windows NT","NT SERVICE\TrustedInstaller","268435456","Allow","False","ContainerInherit"
"C:\program files\Windows NT","NT SERVICE\TrustedInstaller","FullControl","Allow","False","None"
"C:\program files\Windows NT","APPLICATION PACKAGE AUTHORITY\ALL APPLICATION PACKAGES","ReadAndExecute, Synchronize","Allow","False","None"
"C:\program files\Windows NT","APPLICATION PACKAGE AUTHORITY\ALL APPLICATION PACKAGES","-1610612736","Allow","False","ContainerInherit, ObjectInherit"
"C:\program files\Windows NT","APPLICATION PACKAGE AUTHORITY\ALL RESTRICTED APPLICATION PACKAGES","ReadAndExecute, Synchronize","Allow","False","None"
"C:\program files\Windows NT","APPLICATION PACKAGE AUTHORITY\ALL RESTRICTED APPLICATION PACKAGES","-1610612736","Allow","False","ContainerInherit, ObjectInherit"
"C:\program files\Windows Photo Viewer","CREATOR OWNER","268435456","Allow","False","ContainerInherit, ObjectInherit"
"C:\program files\Windows Photo Viewer","NT AUTHORITY\SYSTEM","268435456","Allow","False","ContainerInherit, ObjectInherit"
"C:\program files\Windows Photo Viewer","NT AUTHORITY\SYSTEM","Modify, Synchronize","Allow","False","None"
"C:\program files\Windows Photo Viewer","BUILTIN\Administrators","268435456","Allow","False","ContainerInherit, ObjectInherit"
"C:\program files\Windows Photo Viewer","BUILTIN\Administrators","Modify, Synchronize","Allow","False","None"
"C:\program files\Windows Photo Viewer","BUILTIN\Users","-1610612736","Allow","False","ContainerInherit, ObjectInherit"
"C:\program files\Windows Photo Viewer","BUILTIN\Users","ReadAndExecute, Synchronize","Allow","False","None"
"C:\program files\Windows Photo Viewer","NT SERVICE\TrustedInstaller","268435456","Allow","False","ContainerInherit"
"C:\program files\Windows Photo Viewer","NT SERVICE\TrustedInstaller","FullControl","Allow","False","None"
"C:\program files\Windows Photo Viewer","APPLICATION PACKAGE AUTHORITY\ALL APPLICATION PACKAGES","ReadAndExecute, Synchronize","Allow","False","None"
"C:\program files\Windows Photo Viewer","APPLICATION PACKAGE AUTHORITY\ALL APPLICATION PACKAGES","-1610612736","Allow","False","ContainerInherit, ObjectInherit"
"C:\program files\Windows Photo Viewer","APPLICATION PACKAGE AUTHORITY\ALL RESTRICTED APPLICATION PACKAGES","ReadAndExecute, Synchronize","Allow","False","None"
"C:\program files\Windows Photo Viewer","APPLICATION PACKAGE AUTHORITY\ALL RESTRICTED APPLICATION PACKAGES","-1610612736","Allow","False","ContainerInherit, ObjectInherit"
"C:\program files\Windows Portable Devices","CREATOR OWNER","268435456","Allow","False","ContainerInherit, ObjectInherit"
"C:\program files\Windows Portable Devices","NT AUTHORITY\SYSTEM","268435456","Allow","False","ContainerInherit, ObjectInherit"
"C:\program files\Windows Portable Devices","NT AUTHORITY\SYSTEM","Modify, Synchronize","Allow","False","None"
"C:\program files\Windows Portable Devices","BUILTIN\Administrators","268435456","Allow","False","ContainerInherit, ObjectInherit"
"C:\program files\Windows Portable Devices","BUILTIN\Administrators","Modify, Synchronize","Allow","False","None"
"C:\program files\Windows Portable Devices","BUILTIN\Users","-1610612736","Allow","False","ContainerInherit, ObjectInherit"
"C:\program files\Windows Portable Devices","BUILTIN\Users","ReadAndExecute, Synchronize","Allow","False","None"
"C:\program files\Windows Portable Devices","NT SERVICE\TrustedInstaller","268435456","Allow","False","ContainerInherit"
"C:\program files\Windows Portable Devices","NT SERVICE\TrustedInstaller","FullControl","Allow","False","None"
"C:\program files\Windows Portable Devices","APPLICATION PACKAGE AUTHORITY\ALL APPLICATION PACKAGES","ReadAndExecute, Synchronize","Allow","False","None"
"C:\program files\Windows Portable Devices","APPLICATION PACKAGE AUTHORITY\ALL APPLICATION PACKAGES","-1610612736","Allow","False","ContainerInherit, ObjectInherit"
"C:\program files\Windows Portable Devices","APPLICATION PACKAGE AUTHORITY\ALL RESTRICTED APPLICATION PACKAGES","ReadAndExecute, Synchronize","Allow","False","None"
"C:\program files\Windows Portable Devices","APPLICATION PACKAGE AUTHORITY\ALL RESTRICTED APPLICATION PACKAGES","-1610612736","Allow","False","ContainerInherit, ObjectInherit"
"C:\program files\Windows Security","CREATOR OWNER","268435456","Allow","False","ContainerInherit, ObjectInherit"
"C:\program files\Windows Security","NT AUTHORITY\SYSTEM","268435456","Allow","False","ContainerInherit, ObjectInherit"
"C:\program files\Windows Security","NT AUTHORITY\SYSTEM","Modify, Synchronize","Allow","False","None"
"C:\program files\Windows Security","BUILTIN\Administrators","268435456","Allow","False","ContainerInherit, ObjectInherit"
"C:\program files\Windows Security","BUILTIN\Administrators","Modify, Synchronize","Allow","False","None"
"C:\program files\Windows Security","BUILTIN\Users","-1610612736","Allow","False","ContainerInherit, ObjectInherit"
"C:\program files\Windows Security","BUILTIN\Users","ReadAndExecute, Synchronize","Allow","False","None"
"C:\program files\Windows Security","NT SERVICE\TrustedInstaller","268435456","Allow","False","ContainerInherit"
"C:\program files\Windows Security","NT SERVICE\TrustedInstaller","FullControl","Allow","False","None"
"C:\program files\Windows Security","APPLICATION PACKAGE AUTHORITY\ALL APPLICATION PACKAGES","ReadAndExecute, Synchronize","Allow","False","None"
"C:\program files\Windows Security","APPLICATION PACKAGE AUTHORITY\ALL APPLICATION PACKAGES","-1610612736","Allow","False","ContainerInherit, ObjectInherit"
"C:\program files\Windows Security","APPLICATION PACKAGE AUTHORITY\ALL RESTRICTED APPLICATION PACKAGES","ReadAndExecute, Synchronize","Allow","False","None"
"C:\program files\Windows Security","APPLICATION PACKAGE AUTHORITY\ALL RESTRICTED APPLICATION PACKAGES","-1610612736","Allow","False","ContainerInherit, ObjectInherit"
"C:\program files\WindowsPowerShell","CREATOR OWNER","268435456","Allow","False","ContainerInherit, ObjectInherit"
"C:\program files\WindowsPowerShell","NT AUTHORITY\SYSTEM","268435456","Allow","False","ContainerInherit, ObjectInherit"
"C:\program files\WindowsPowerShell","NT AUTHORITY\SYSTEM","Modify, Synchronize","Allow","False","None"
"C:\program files\WindowsPowerShell","BUILTIN\Administrators","268435456","Allow","False","ContainerInherit, ObjectInherit"
"C:\program files\WindowsPowerShell","BUILTIN\Administrators","Modify, Synchronize","Allow","False","None"
"C:\program files\WindowsPowerShell","BUILTIN\Users","-1610612736","Allow","False","ContainerInherit, ObjectInherit"
"C:\program files\WindowsPowerShell","BUILTIN\Users","ReadAndExecute, Synchronize","Allow","False","None"
"C:\program files\WindowsPowerShell","NT SERVICE\TrustedInstaller","268435456","Allow","False","ContainerInherit"
"C:\program files\WindowsPowerShell","NT SERVICE\TrustedInstaller","FullControl","Allow","False","None"
"C:\program files\WindowsPowerShell","APPLICATION PACKAGE AUTHORITY\ALL APPLICATION PACKAGES","ReadAndExecute, Synchronize","Allow","False","None"
"C:\program files\WindowsPowerShell","APPLICATION PACKAGE AUTHORITY\ALL APPLICATION PACKAGES","-1610612736","Allow","False","ContainerInherit, ObjectInherit"
"C:\program files\WindowsPowerShell","APPLICATION PACKAGE AUTHORITY\ALL RESTRICTED APPLICATION PACKAGES","ReadAndExecute, Synchronize","Allow","False","None"
"C:\program files\WindowsPowerShell","APPLICATION PACKAGE AUTHORITY\ALL RESTRICTED APPLICATION PACKAGES","-1610612736","Allow","False","ContainerInherit, ObjectInherit"
"C:\program files\Wireshark","NT SERVICE\TrustedInstaller","FullControl","Allow","True","None"
"C:\program files\Wireshark","NT SERVICE\TrustedInstaller","268435456","Allow","True","ContainerInherit"
"C:\program files\Wireshark","NT AUTHORITY\SYSTEM","FullControl","Allow","True","None"
"C:\program files\Wireshark","NT AUTHORITY\SYSTEM","268435456","Allow","True","ContainerInherit, ObjectInherit"
"C:\program files\Wireshark","BUILTIN\Administrators","FullControl","Allow","True","None"
"C:\program files\Wireshark","BUILTIN\Administrators","268435456","Allow","True","ContainerInherit, ObjectInherit"
"C:\program files\Wireshark","BUILTIN\Users","ReadAndExecute, Synchronize","Allow","True","None"
"C:\program files\Wireshark","BUILTIN\Users","-1610612736","Allow","True","ContainerInherit, ObjectInherit"
"C:\program files\Wireshark","CREATOR OWNER","268435456","Allow","True","ContainerInherit, ObjectInherit"
"C:\program files\Wireshark","APPLICATION PACKAGE AUTHORITY\ALL APPLICATION PACKAGES","ReadAndExecute, Synchronize","Allow","True","None"
"C:\program files\Wireshark","APPLICATION PACKAGE AUTHORITY\ALL APPLICATION PACKAGES","-1610612736","Allow","True","ContainerInherit, ObjectInherit"
"C:\program files\Wireshark","APPLICATION PACKAGE AUTHORITY\ALL RESTRICTED APPLICATION PACKAGES","ReadAndExecute, Synchronize","Allow","True","None"
"C:\program files\Wireshark","APPLICATION PACKAGE AUTHORITY\ALL RESTRICTED APPLICATION PACKAGES","-1610612736","Allow","True","ContainerInherit, ObjectInherit"
